<?xml version="1.0" encoding="UTF-8" standalone="yes"?>
<addon id="repository.hellhounds" name="[COLOR red]Hellhounds Repository[/COLOR]" version="2.1.2" provider-name="Cable">
	<extension point="xbmc.addon.repository" name="[COLOR red]Hellhounds Repository[/COLOR]">
		<dir>
			<info compressed="false">https://github.com/tvaddonsco/tva-resolvers-repo/raw/master/addons.xml</info>
			<checksum>https://github.com/tvaddonsco/tva-resolvers-repo/raw/master/addons.xml.md5</checksum>
			<datadir zip="true">https://github.com/tvaddonsco/tva-resolvers-repo/raw/master/zips/</datadir>
		</dir>
		<dir>
			<info compressed="false">https://raw.githubusercontent.com/teamuniversal/scrapers/master/_modules4all/zips/addons.xml</info>
			<checksum>https://raw.githubusercontent.com/teamuniversal/scrapers/master/_modules4all/zips/addons.xml.md5</checksum>
			<datadir zip="true">https://raw.githubusercontent.com/teamuniversal/scrapers/master/_modules4all/zips/</datadir>
		</dir>
		<dir>
			<info compressed="false">https://raw.githubusercontent.com/jsergio123/zips/master/addons.xml</info>
			<checksum>https://raw.githubusercontent.com/jsergio123/zips/master/addons.xml.md5</checksum>
			<datadir zip="true">https://raw.githubusercontent.com/jsergio123/zips/master/</datadir>
		</dir>
		<dir>
			<info compressed="false">https://raw.githubusercontent.com/totalrevolution/python-koding/master/zips/addons.xml</info>
			<checksum>https://raw.githubusercontent.com/totalrevolution/python-koding/master/zips/addons.xml.md5</checksum>
			<datadir zip="true">https://raw.githubusercontent.com/totalrevolution/python-koding/master/zips/</datadir>
		</dir>
		<info compressed="false">http://cerbrepo.space/cerberus/addons.xml</info>
		<checksum>http://cerbrepo.space/cerberus/addons.xml.md5</checksum>
		<datadir zip="true">http://cerbrepo.space/cerberus</datadir>
	</extension>
	<extension point="xbmc.addon.metadata">
		<summary lang="en">[COLOR red]Hellhounds Repository[/COLOR]</summary>
		<description lang="en"></description>
		<genre></genre>
	</extension>
</addon>