<?xml version="1.0" encoding="UTF-8" standalone="yes"?>
<addon id="script.spideytoons" name="Spidey Toons" version="0.3.9" provider-name="doko, Tikipeter">
  <requires>
    <import addon="xbmc.python" version="2.1.0"/>
    <import addon="script.module.requests" />
  </requires>
  <extension point="xbmc.python.pluginsource" library="Main.py">
    <provides>all</provides>
  </extension>
  <extension point="xbmc.addon.metadata">
    <summary lang="en"></summary>
    <description lang="en">Spidey Toons</description>
    <news></news>
    <disclaimer lang="en"></disclaimer>
    <platform>all</platform>
  </extension>
</addon>