
<dir>
   <title>Movies</title>
   <link>https://raw.githubusercontent.com/galactus2858/plus/master/gm.xml</link>
</dir>

<dir>
   <title>Tv</title>
   <link>https://raw.githubusercontent.com/momoney12/run/master/s%20tv.xml</link>
</dir>

<dir>
   <title>Productions and Directors</title>
   <link>https://raw.githubusercontent.com/momoney12/run/master/Productions%20and%20Directors.xml</link>
</dir>

<dir>
   <title>Actors and Actess</title>
   <link>https://raw.githubusercontent.com/galactus2858/plus/master/actors%20and%20actess.xml</link>
</dir>

<dir>
    <title>Movies 247</title>
    <link>https://raw.githubusercontent.com/ontop12/tom/master/movies247.xml</link>
  </dir>
</xml>

<xml>
  <dir>
    <title>247 TV</title>
    <link>https://raw.githubusercontent.com/ontop12/tom/master/247-tv%20(1).xml</link>
  </dir>
</xml>

</xml>
<plugin>
    <name>Search</name>
    <link>plugin://plugin.video.galactus/?action=search</link>
    <thumbnail></thumbnail>
</plugin>
<plugin>
    <name>Settings</name>
    <link>plugin://plugin.video.galactus/?action=openSettings</link>
    <thumbnail></thumbnail>
</plugin>