<?xml version="1.0" encoding="UTF-8" standalone="yes"?>
<addon id="script.tokyoghoul" name="Tokyo Ghould Anime" version="0.0.1" provider-name="Son of Spawn">
	<requires>
		<import addon="xbmc.python" version="2.19.0"/>
		<import addon="script.module.requests" />
		<import addon="script.module.beautifulsoup4"/>
	</requires>
	<extension point="xbmc.python.pluginsource" library="Default.py">
		<provides>all</provides>
	</extension>
	<extension point="xbmc.addon.metadata">
		<summary lang="en">Tokyo Ghoul</summary>
		<description lang="en">Tokyo Ghoul</description>
		<news></news>
		<disclaimer lang="en"></disclaimer>
		<platform>all</platform>
		<disclaimer lang="en">The authors of this addon do not host any of the content found or have any affiliation with the content providers or the websites that it scrapes information from.</disclaimer>
	</extension>
</addon>